Game_Id,Game_Date,Game_Day,Start_Time,Weather,Temperature
1,8/7/2016,Sunday,20:00,,
2,8/13/2016,Saturday,17:00,Sunny,79
3,8/11/2016,Thursday,19:30,Party Cloudy,94
4,8/12/2016,Friday,19:00,,73
5,8/11/2016,Thursday,19:00,"Partly Cloudy, Chance of Rain 80%",88
6,8/12/2016,Friday,19:00,Partly Cloudy,82
7,8/14/2016,Sunday,16:00,Sunny,84
8,8/13/2016,Saturday,19:00,T-Storms,84
9,8/11/2016,Thursday,19:30,Cloudy,94
10,8/12/2016,Friday,19:00,Mostly Cloudy,76
11,8/12/2016,Friday,19:30,Cloudy,86
12,8/11/2016,Thursday,19:30,"Hazy, hot and humid",84
13,8/12/2016,Friday,19:00,,
14,8/13/2016,Saturday,19:00,Cloudy,83
15,8/13/2016,Saturday,15:30,Sunny,87
16,8/11/2016,Thursday,19:00,Sunny,91
17,8/11/2016,Thursday,19:00,Indoor,
18,8/19/2016,Friday,18:00,Sunny,75
19,8/18/2016,Thursday,20:00,Sunny,79
20,8/20/2016,Saturday,19:00,Cloudy,74
21,8/20/2016,Saturday,14:00,Cloudy,80
22,8/18/2016,Thursday,20:00,Clear and warm,78
23,8/18/2016,Thursday,19:30,Controlled Climate,68
24,8/20/2016,Saturday,18:00,Sunny,71
25,8/19/2016,Friday,19:00,,72
26,8/18/2016,Thursday,19:00,Suny,83
27,8/20/2016,Saturday,19:00,Partly Cloudy,88
28,8/20/2016,Saturday,16:00,Chance of Showers,87
29,8/19/2016,Friday,19:30,Sunny,84
30,8/18/2016,Thursday,19:00,,83
31,8/18/2016,Thursday,19:00,Partly Cloudy,84
32,8/20/2016,Saturday,19:00,Mostly Clear. Gusting ot 14.,73
33,8/20/2016,Saturday,19:30,,94
34,8/27/2016,Saturday,17:00,Sunny,69
35,8/28/2016,Sunday,12:00,Indoors,72
36,8/28/2016,Sunday,15:00,Mostly cloudy,84
37,8/28/2016,Sunday,20:00,,85
38,8/26/2016,Friday,19:30,Sunny,86
39,8/25/2016,Thursday,19:00,Sunny,86
40,8/27/2016,Saturday,19:00,Partly Cloudy,89
41,8/26/2016,Friday,19:00,Sunny,64
42,8/27/2016,Saturday,12:00,Cloudy with Possible Stray Showers/Thundershowers,76
43,8/27/2016,Saturday,19:00,Mostly CLoudy,78
44,8/26/2016,Friday,19:30,Mostly Cloudy,88
45,8/27/2016,Saturday,19:30,Clear,84
46,8/27/2016,Saturday,19:00,Partly sunny,83
47,8/26/2016,Friday,19:00,Partly Cloudy,85
48,8/25/2016,Thursday,20:00,Partly Cloudy,85
49,8/26/2016,Friday,20:00,Cloudy,83
50,9/1/2016,Thursday,19:00,,
51,9/1/2016,Thursday,19:00,Indoors,
52,9/1/2016,Thursday,19:00,Cloudy,76
53,9/1/2016,Thursday,19:00,Cloudy,79
54,9/1/2016,Thursday,19:30,Cloudy,73
55,9/1/2016,Thursday,19:00,,71
56,9/1/2016,Thursday,19:00,Party Cloudy,63
57,9/1/2016,Thursday,19:00,Mostly Cloudy,88
58,8/31/2016,Wednesday,20:00,Rain,75
59,9/1/2016,Thursday,19:00,Partly Cloudy,92
60,9/1/2016,Thursday,19:30,Controlled Climate,68
61,9/1/2016,Thursday,20:00,Sunny,73
62,9/1/2016,Thursday,18:30,Indoor,
63,9/1/2016,Thursday,19:00,Sunny,77
64,9/1/2016,Thursday,19:00,,
65,9/1/2016,Thursday,19:30,Mostly Sunny,74
66,9/8/2016,Thursday,18:30,Sunny and Clear,85
67,9/11/2016,Sunday,13:00,,
68,9/11/2016,Sunday,13:00,Partly Cloudy,84
69,9/11/2016,Sunday,12:00,Sunny,84
70,9/11/2016,Sunday,13:00,,90
71,9/11/2016,Sunday,12:00,Sunny,74
72,9/11/2016,Sunday,12:00,Partly Cloudy,87
73,9/11/2016,Sunday,13:00,Clear,79
74,9/11/2016,Sunday,13:00,Partly CLoudy,85
75,9/11/2016,Sunday,12:00,Sunny,76
76,9/11/2016,Sunday,13:05,Sunny,61
77,9/11/2016,Sunday,15:25,,
78,9/11/2016,Sunday,16:25,Partly sunny,76
79,9/11/2016,Sunday,17:30,,
80,9/12/2016,Monday,19:10,Sunny,79
81,9/12/2016,Monday,19:20,Clear,66
82,9/15/2016,Thursday,20:25,Partly Cloudy,60
83,9/18/2016,Sunday,13:00,Sunny,82
84,9/18/2016,Sunday,13:00,,74
85,9/18/2016,Sunday,13:00,Controlled Climate,68
86,9/18/2016,Sunday,12:00,Partly Cloudy,91
87,9/18/2016,Sunday,13:00,"Cloudy, Humid, Chance of Rain",79
88,9/18/2016,Sunday,13:00,Mostly Cloudy,80
89,9/18/2016,Sunday,13:00,Cloudy,72
90,9/18/2016,Sunday,13:00,Sunny,81
91,9/18/2016,Sunday,13:05,,
92,9/18/2016,Sunday,13:05,Sunny,88
93,9/18/2016,Sunday,14:25,Sunny,85
94,9/18/2016,Sunday,13:25,Sunny,79
95,9/18/2016,Sunday,13:25,Sunny,82
96,9/18/2016,Sunday,19:30,Indoors,77
97,9/19/2016,Monday,19:30,Mostly Cloudy,84
98,9/22/2016,Thursday,20:25,Clear,68
99,9/25/2016,Sunday,13:00,Sunny,64
100,9/25/2016,Sunday,13:00,Partly Cloudy,80
101,9/25/2016,Sunday,13:00,Sunny,81
102,9/25/2016,Sunday,12:00,,72
103,9/25/2016,Sunday,13:00,,88
104,9/25/2016,Sunday,13:00,,86
105,9/25/2016,Sunday,13:00,Sunny,67
106,9/25/2016,Sunday,12:00,Sunny,89
107,9/25/2016,Sunday,13:05,Sunny,66
108,9/25/2016,Sunday,16:05,Cloudy,91
109,9/25/2016,Sunday,16:25,Cloudy,85
110,9/25/2016,Sunday,15:25,,65
111,9/25/2016,Sunday,16:25,Sunny,73
112,9/25/2016,Sunday,19:30,,
113,9/26/2016,Monday,19:30,Partly Cloudy,90
114,9/29/2016,Thursday,20:25,Mostly Cloudy,62
115,10/2/2016,Sunday,14:30,Sunny Intervals,59
116,10/2/2016,Sunday,13:00,,
117,10/2/2016,Sunday,13:00,Cloudy,65
118,10/2/2016,Sunday,12:00,Cloudy,62
119,10/2/2016,Sunday,12:00,Partly Cloudy,82
120,10/2/2016,Sunday,13:00,Cloudy,56
121,10/2/2016,Sunday,13:00,,61
122,10/2/2016,Sunday,13:00,Cloudy,67
123,10/2/2016,Sunday,16:05,Cloudy,88
124,10/2/2016,Sunday,13:25,,
125,10/2/2016,Sunday,13:25,Fair,74
126,10/2/2016,Sunday,13:25,Cloudy,68
127,10/2/2016,Sunday,20:30,Rain,59
128,10/3/2016,Monday,19:30,Indoors,
129,10/6/2016,Thursday,17:25,Clear,75
130,10/9/2016,Sunday,13:00,Partly Cloudy,62
131,10/9/2016,Sunday,13:00,Sunny,58
132,10/9/2016,Sunday,13:00,Controlled,68
133,10/9/2016,Sunday,13:00,Mostly Sunny,60
134,10/9/2016,Sunday,13:00,Partly Cloudy,88
135,10/9/2016,Sunday,12:00,Indoors,
136,10/9/2016,Sunday,13:00,Partly Cloudy,57
137,10/9/2016,Sunday,14:05,Mostly Cloudy,72
138,10/9/2016,Sunday,15:25,,
139,10/9/2016,Sunday,13:25,Sunny,91
140,10/9/2016,Sunday,13:25,Sunny Skies,75
141,10/9/2016,Sunday,19:30,,49
142,10/10/2016,Monday,20:30,Clear,66
143,10/13/2016,Thursday,17:25,Fair,70
144,10/16/2016,Sunday,13:00,Mostly cloudy,72
145,10/16/2016,Sunday,12:00,Cloudy,69
146,10/16/2016,Sunday,13:00,Controlled Climate,68
147,10/16/2016,Sunday,13:00,Partly Sunny,81
148,10/16/2016,Sunday,13:00,Sunny,66
149,10/16/2016,Sunday,12:00,Partly Cloudy,80
150,10/16/2016,Sunday,13:00,Partly Cloudy,66
151,10/16/2016,Sunday,12:00,Sunny,75
152,10/16/2016,Sunday,13:00,Sunny,69
153,10/16/2016,Sunday,13:05,Rain,61
154,10/16/2016,Sunday,15:25,,69
155,10/16/2016,Sunday,13:25,Rain,54
156,10/16/2016,Sunday,19:30,Clear,84
157,10/17/2016,Monday,17:30,,
158,10/20/2016,Thursday,19:25,,47
159,10/23/2016,Sunday,14:30,Sunny intervals,55
160,10/23/2016,Sunday,13:00,Sunny,65
161,10/23/2016,Sunday,13:00,Controlled Climate,68
162,10/23/2016,Sunday,13:00,,70
163,10/23/2016,Sunday,12:00,Sunny,68
164,10/23/2016,Sunday,13:00,Partly Sunny,81
165,10/23/2016,Sunday,13:00,,58
166,10/23/2016,Sunday,13:00,Clear,62
167,10/23/2016,Sunday,12:00,Sunny,68
168,10/23/2016,Sunday,16:05,,
169,10/23/2016,Sunday,13:05,Clear,68
170,10/23/2016,Sunday,16:25,Sunny,63
171,10/23/2016,Sunday,17:30,,
172,10/24/2016,Monday,18:30,Partly Cloudy,71
173,10/27/2016,Thursday,19:25,Clear,71
174,10/30/2016,Sunday,13:30,Cloudy,54
175,10/30/2016,Sunday,16:25,,
176,10/30/2016,Sunday,13:00,Rain,49
177,10/30/2016,Sunday,13:00,Rain,53
178,10/30/2016,Sunday,12:00,Mostly Sunny,80
179,10/30/2016,Sunday,13:00,Partly sunny,68
180,10/30/2016,Sunday,12:00,Sunny,80
181,10/30/2016,Sunday,13:00,Clear,86
182,10/30/2016,Sunday,14:05,Partly Cloudy,76
183,10/30/2016,Sunday,13:00,Sunny,85
184,10/30/2016,Sunday,19:30,Clear Skies,84
185,10/31/2016,Monday,19:30,Cloudy,58
186,11/3/2016,Thursday,20:25,Clear,76
187,11/6/2016,Sunday,13:00,Partly Cloudy,65
188,11/6/2016,Sunday,13:00,,58
189,11/6/2016,Sunday,12:00,,62
190,11/6/2016,Sunday,13:00,Cloudy,80
191,11/6/2016,Sunday,12:00,Indoors,
192,11/6/2016,Sunday,13:00,Partly Cloudy,56
193,11/6/2016,Sunday,13:05,Sunny,75
194,11/6/2016,Sunday,13:05,Mostly Sunny,70
195,11/6/2016,Sunday,15:25,,68
196,11/6/2016,Sunday,13:25,Partly Cloudy,76
197,11/6/2016,Sunday,17:30,Partly Cloudy,65
198,11/7/2016,Monday,17:30,Cloudy,61
199,11/10/2016,Thursday,20:25,Fair,54
200,11/13/2016,Sunday,13:00,Cloudy,45
201,11/13/2016,Sunday,13:00,,69
202,11/13/2016,Sunday,12:00,Partly Cloudy,62
203,11/13/2016,Sunday,13:00,,62
204,11/13/2016,Sunday,13:00,Sunny,58
205,11/13/2016,Sunday,13:00,Cloudy,81
206,11/13/2016,Sunday,12:00,Sunny,56
207,11/13/2016,Sunday,13:00,Sunny,58
208,11/13/2016,Sunday,13:05,Sunny,85
209,11/13/2016,Sunday,14:25,,
210,11/13/2016,Sunday,16:25,Sunny,56
211,11/13/2016,Sunday,20:30,Clear and cool,43
212,11/14/2016,Monday,20:30,Cloudy,56
213,11/17/2016,Thursday,20:25,Clear,63
214,11/20/2016,Sunday,13:00,Partly Cloudy,36
215,11/20/2016,Sunday,13:00,Cloudy,36
216,11/20/2016,Sunday,12:00,,
217,11/20/2016,Sunday,13:00,Controlled Climate,68
218,11/20/2016,Sunday,13:00,Partly Cloudy,34
219,11/20/2016,Sunday,12:00,Sunny,46
220,11/20/2016,Sunday,12:00,Indoors,
221,11/20/2016,Sunday,13:00,Mostly Cloudy,41
222,11/20/2016,Sunday,13:05,Rain,63
223,11/20/2016,Sunday,13:25,Cloudy with rain,64
224,11/20/2016,Sunday,13:25,Rain,54
225,11/20/2016,Sunday,20:30,Clear,38
226,11/21/2016,Monday,19:30,Clear,63
227,11/24/2016,Thursday,12:30,Controlled Climate,68
228,11/24/2016,Thursday,15:30,,
229,11/24/2016,Thursday,20:30,Cloudy,39
230,11/27/2016,Sunday,13:00,,
231,11/27/2016,Sunday,13:00,Sunny,50
232,11/27/2016,Sunday,13:00,Mostly cloudy,42
233,11/27/2016,Sunday,12:00,Cloudy,40
234,11/27/2016,Sunday,13:00,Sunny,48
235,11/27/2016,Sunday,12:00,Partly Cloudy,71
236,11/27/2016,Sunday,13:00,Partly Cloudy,79
237,11/27/2016,Sunday,12:00,Partly Cloudy,61
238,11/27/2016,Sunday,16:05,Cloudy,81
239,11/27/2016,Sunday,18:30,Mostly Cloudy,44
240,11/27/2016,Sunday,13:25,Partly Cloudy,59
241,11/27/2016,Sunday,16:25,Cloudy,47
242,11/28/2016,Monday,20:30,Cloudy,47
243,12/1/2016,Thursday,19:25,Indoors,
244,12/4/2016,Sunday,13:00,,
245,12/4/2016,Sunday,13:00,Partly Cloudy,47
246,12/4/2016,Sunday,12:00,"Snow Showers, 3 to 5 inches expected.",33
247,12/4/2016,Sunday,13:00,Cloudy,42
248,12/4/2016,Sunday,12:00,,32
249,12/4/2016,Sunday,13:00,,70
250,12/4/2016,Sunday,13:00,Sunny and cool,39
251,12/4/2016,Sunday,12:00,Cloudy,68
252,12/4/2016,Sunday,13:05,Partly Cloudy,59
253,12/4/2016,Sunday,14:25,,68
254,12/4/2016,Sunday,16:25,Cloudy,43
255,12/4/2016,Sunday,13:25,Sunny,72
256,12/4/2016,Sunday,17:30,Partly Cloudy,37
257,12/5/2016,Monday,20:30,Clear,45
258,12/8/2016,Thursday,19:25,Clear,21
259,12/11/2016,Sunday,13:00,Snow showers,27
260,12/11/2016,Sunday,13:00,Cloudy,37
261,12/11/2016,Sunday,13:00,Snow,28
262,12/11/2016,Sunday,13:00,Controlled Climate,68
263,12/11/2016,Sunday,13:00,Cloudy,34
264,12/11/2016,Sunday,13:00,,71
265,12/11/2016,Sunday,13:00,Cloudy,77
266,12/11/2016,Sunday,13:00,Cloudy,35
267,12/11/2016,Sunday,16:25,Cloudy,79
268,12/11/2016,Sunday,12:00,Sunny,50
269,12/11/2016,Sunday,13:05,Mostly Cloudy,54
270,12/11/2016,Sunday,15:25,,26
271,12/11/2016,Sunday,13:25,Cloudy,65
272,12/11/2016,Sunday,20:30,Cloudy,32
273,12/12/2016,Monday,20:30,Clear,31
274,12/15/2016,Thursday,17:25,Partly cloudy,36
275,12/17/2016,Saturday,20:25,Cloudy,35
276,12/18/2016,Sunday,13:00,Cloudy,62
277,12/18/2016,Sunday,13:00,Cloudy,26
278,12/18/2016,Sunday,12:00,Sunny,11
279,12/18/2016,Sunday,19:30,,
280,12/18/2016,Sunday,12:00,Cloudy,37
281,12/18/2016,Sunday,12:00,Sunny,1
282,12/18/2016,Sunday,12:00,Indoors,
283,12/18/2016,Sunday,13:00,Rain,55
284,12/18/2016,Sunday,14:05,Sunny,62
285,12/18/2016,Sunday,16:05,,
286,12/18/2016,Sunday,14:25,Sunny,18
287,12/18/2016,Sunday,13:25,Sunny,62
288,12/18/2016,Sunday,13:00,Cloudy,24
289,12/19/2016,Monday,20:30,Clear,32
290,12/22/2016,Thursday,20:25,Partly Cloudy,40
291,12/24/2016,Saturday,13:00,Cloudy,38
292,12/24/2016,Saturday,13:00,Cloudy,56
293,12/24/2016,Saturday,12:00,"Cloudy, steady temps",37
294,12/24/2016,Saturday,13:00,Cloudy,38
295,12/24/2016,Saturday,12:00,,37
296,12/24/2016,Saturday,13:00,,67
297,12/24/2016,Saturday,13:00,Rain,40
298,12/24/2016,Saturday,15:25,Mostly Cloudy,76
299,12/24/2016,Saturday,13:05,Sunny,50
300,12/24/2016,Saturday,13:25,Partly Cloudy,59
301,12/24/2016,Saturday,13:25,Partly Cloudy,39
302,12/24/2016,Saturday,19:25,Partly Cloudy,71
303,12/25/2016,Sunday,16:25,Partly Cloudy,41
304,12/25/2016,Sunday,19:30,"Cloudy, Rain",53
305,12/26/2016,Monday,19:30,,
306,1/1/2017,Sunday,16:25,,
307,1/1/2017,Sunday,13:00,Partly Cloudy,40
308,1/1/2017,Sunday,20:30,Controlled Climate,68
309,1/1/2017,Sunday,13:00,Sunny,39
310,1/1/2017,Sunday,13:00,,80
311,1/1/2017,Sunday,12:00,Indoor,
312,1/1/2017,Sunday,13:00,Sunny,42
313,1/1/2017,Sunday,13:00,Sunny,50
314,1/1/2017,Sunday,13:00,Sunny,41
315,1/1/2017,Sunday,13:00,Cloudy,81
316,1/1/2017,Sunday,12:00,Cloudy,52
317,1/1/2017,Sunday,16:25,Sunny,53
318,1/1/2017,Sunday,14:25,Mostly Cloudy,45
319,1/1/2017,Sunday,13:25,Sunny,59
320,1/1/2017,Sunday,13:25,Cloudy,59
321,1/1/2017,Sunday,13:25,Clear,54
322,1/7/2017,Saturday,15:35,Sunny,40
323,1/7/2017,Saturday,17:15,Cloudy,38
324,1/8/2017,Sunday,13:05,Partly Cloudy,17
325,1/8/2017,Sunday,15:40,,14
326,1/14/2017,Saturday,16:35,,
327,1/14/2017,Saturday,20:15,Cloudy and Cold,28
328,1/15/2017,Sunday,19:20,Cloudy with patches of fog,33
329,1/15/2017,Sunday,15:40,,
330,1/22/2017,Sunday,15:05,,
331,1/22/2017,Sunday,18:40,Cloudy,41
332,2/5/2017,Sunday,17:30,Partly Cloudy,76
333,1/29/2017,Sunday,20:00,Cloudy,54
334,8/3/2017,Thursday,20:00,Sunny,82
335,8/12/2017,Saturday,19:00,,75
336,8/10/2017,Thursday,19:30,Partly Cloudy,82
337,8/10/2017,Thursday,19:00,Partly cloudy,82
338,8/9/2017,Wednesday,19:30,Mostly Cloudy,81
339,8/10/2017,Thursday,19:00,Scattered thunderstorms,81
340,8/11/2017,Friday,19:30,Partly Cloudy,81
341,8/10/2017,Thursday,20:00,Sunny,77
342,8/10/2017,Thursday,19:00,,69
343,8/13/2017,Sunday,13:30,Partly cloudy,78
344,8/11/2017,Friday,20:00,Sunny,79
345,8/13/2017,Sunday,17:00,Sunny,76
346,8/12/2017,Saturday,18:00,Sunny,77
347,8/10/2017,Thursday,19:00,Cloudy,85
348,8/10/2017,Thursday,19:30,Sunny and warm,75
349,8/11/2017,Friday,19:00,Mostly Cloudy,75
350,8/12/2017,Saturday,19:30,,76
351,8/17/2017,Thursday,20:00,,85
352,8/19/2017,Saturday,19:00,,75
353,8/19/2017,Saturday,19:00,Partly Cloudy,86
354,8/19/2017,Saturday,18:00,,75
355,8/19/2017,Saturday,19:00,Sunny,93
356,8/20/2017,Sunday,17:00,Sunny,74
357,8/17/2017,Thursday,19:00,Partly Cloudy,90
358,8/19/2017,Saturday,19:00,Clear,63
359,8/17/2017,Thursday,19:00,Partly Cloudy,85
360,8/20/2017,Sunday,16:00,Sunny,83
361,8/19/2017,Saturday,19:00,Clear,76
362,8/18/2017,Friday,19:00,Sunny,73
363,8/19/2017,Saturday,14:00,Partly Cloudy,97
364,8/19/2017,Saturday,19:30,Sunny,87
365,8/19/2017,Saturday,19:30,Controlled Climate,68
366,8/21/2017,Monday,20:00,cloudy,79
367,8/26/2017,Saturday,19:00,,70
368,8/26/2017,Saturday,19:00,Partly Cloudy,78
369,8/26/2017,Saturday,19:00,,70
370,8/26/2017,Saturday,19:00,Partly Cloudy,86
371,8/25/2017,Friday,19:00,Controlled Climate,68
372,8/24/2017,Thursday,19:30,,84
373,8/26/2017,Saturday,19:00,Fair,90
374,8/24/2017,Thursday,19:00,Clear,82
375,8/26/2017,Saturday,19:30,Partly Cloudy,74
376,8/26/2017,Saturday,19:30,Rain,84
377,8/25/2017,Friday,17:00,Sunny,74
378,8/26/2017,Saturday,19:00,Clear,74
379,8/26/2017,Saturday,17:00,Sunny,80
380,8/27/2017,Sunday,12:00,Sunny,81
381,8/27/2017,Sunday,16:30,Partly Cloudy,76
382,8/27/2017,Sunday,19:00,Indoor,70
383,8/31/2017,Thursday,19:00,,74
384,8/31/2017,Thursday,19:00,Clear,70
385,8/31/2017,Thursday,19:00,Mostly cloudy,65
386,8/31/2017,Thursday,19:30,Light Rain,71
387,8/31/2017,Thursday,19:00,"Partly cloudy, lows to upper 50s.",72
388,8/31/2017,Thursday,19:00,Mostly Cloudy,75
389,8/31/2017,Thursday,18:00,Clear Skies,64
390,8/31/2017,Thursday,19:00,Clear,86
391,8/31/2017,Thursday,19:00,Cloudy,78
392,8/31/2017,Thursday,19:30,Sunny,79
393,8/31/2017,Thursday,19:00,Indoor,
394,8/31/2017,Thursday,19:30,Partly Cloudy,68
395,8/31/2017,Thursday,19:00,Sunny,86
396,8/31/2017,Thursday,19:00,Sunny,87
397,8/31/2017,Thursday,19:00,CLEAR,90
398,8/31/2017,Thursday,19:30,Cloudy,91
399,9/7/2017,Thursday,20:30,Clear and warm,63
400,9/10/2017,Sunday,13:00,Sun & clouds,65
401,9/10/2017,Sunday,12:00,Sunny,64
402,9/10/2017,Sunday,13:00,Sunny,68
403,9/10/2017,Sunday,13:00,Sunny,63
404,9/10/2017,Sunday,13:00,Controlled Climate,68
405,9/10/2017,Sunday,12:00,Sunny,80
406,11/19/2017,Sunday,13:00,Sunny,81
407,9/10/2017,Sunday,12:00,Sunny,72
408,9/10/2017,Sunday,13:00,Sunny,67
409,9/10/2017,Sunday,13:05,Sunny,90
410,9/10/2017,Sunday,15:25,Mostly Sunny,71
411,9/10/2017,Sunday,13:25,Clear,87
412,9/10/2017,Sunday,19:30,,
413,9/11/2017,Monday,18:10,Indoor,70
414,9/11/2017,Monday,20:20,Mostly Cloudy,73
415,9/14/2017,Thursday,20:25,Mostly Coudy,69
416,9/17/2017,Sunday,13:00,Mostly Cloudy,80
417,9/17/2017,Sunday,13:00,Sunny,83
418,9/17/2017,Sunday,13:00,Partly sunny,78
419,9/17/2017,Sunday,13:00,Partly Cloudy,84
420,9/17/2017,Sunday,12:00,Cloudy,68
421,9/17/2017,Sunday,12:00,Mostly Cloudy,85
422,9/17/2017,Sunday,13:00,Sunny,78
423,9/17/2017,Sunday,13:00,Clear,88
424,9/17/2017,Sunday,13:05,Cloudy,71
425,9/17/2017,Sunday,13:05,Sunny,70
426,9/17/2017,Sunday,14:25,Partly Cloudy,72
427,9/17/2017,Sunday,13:25,Cloudy,76
428,9/17/2017,Sunday,13:25,Mostly Cloudy,65
429,9/17/2017,Sunday,20:30,Clear,78
430,9/18/2017,Monday,20:30,Cloudy,72
431,9/21/2017,Thursday,17:25,Mostly Sunny,68
432,9/24/2017,Sunday,14:30,,70
433,9/24/2017,Sunday,13:00,Sunny,83
434,9/24/2017,Sunday,13:00,Sunny,82
435,9/24/2017,Sunday,12:00,"Sunny, highs to upper 80s",89
436,9/24/2017,Sunday,13:00,Controlled Climate,68
437,9/24/2017,Sunday,13:00,Sunny,83
438,9/24/2017,Sunday,12:00,Indoor,
439,9/24/2017,Sunday,13:00,Sunny,84
440,9/24/2017,Sunday,13:00,Sunny,88
441,9/24/2017,Sunday,13:00,Sunny,89
442,9/24/2017,Sunday,15:05,Sunny,88
443,9/24/2017,Sunday,15:25,Sunny,89
444,9/24/2017,Sunday,13:25,Sunny,84
445,9/24/2017,Sunday,20:30,Clear,76
446,9/25/2017,Monday,17:30,Indoor,
447,9/28/2017,Thursday,19:25,Cloudy,65
448,10/1/2017,Sunday,14:30,,63
449,10/1/2017,Sunday,13:00,,
450,10/1/2017,Sunday,13:00,Sunny,64
451,10/1/2017,Sunday,13:00,Sunny,63
452,10/1/2017,Sunday,12:00,,
453,10/1/2017,Sunday,12:00,Sunny,87
454,10/1/2017,Sunday,12:00,Indoor,
455,10/1/2017,Sunday,13:00,Sunny,61
456,10/1/2017,Sunday,13:00,Sunny,64
457,10/1/2017,Sunday,13:05,Indoors,
458,10/1/2017,Sunday,13:05,Sunny,72
459,10/1/2017,Sunday,16:05,Cloudy,91
460,10/1/2017,Sunday,14:25,Mostly Cloudy,72
461,10/1/2017,Sunday,17:30,Clear,61
462,10/2/2017,Monday,19:30,Clear,82
463,10/5/2017,Thursday,20:25,Clear,76
464,10/8/2017,Sunday,13:00,Light Rain,63
465,10/8/2017,Sunday,13:00,Cloudy,67
466,10/8/2017,Sunday,13:00,Controlled Climate,68
467,10/8/2017,Sunday,13:00,Cloudy,68
468,10/8/2017,Sunday,13:00,Partly Cloudy,89
469,10/8/2017,Sunday,13:00,Cloudy,76
470,10/8/2017,Sunday,13:00,Showers,77
471,10/8/2017,Sunday,13:00,Cloudy,73
472,10/8/2017,Sunday,13:05,Sunny,78
473,10/8/2017,Sunday,13:05,Sunny,72
474,10/8/2017,Sunday,15:25,,
475,10/8/2017,Sunday,19:30,Partly Cloudy,89
476,10/9/2017,Monday,19:30,Partly cloudy,70
477,10/12/2017,Thursday,20:25,Cloudy,72
478,10/15/2017,Sunday,13:00,Indoors,
479,10/15/2017,Sunday,13:00,Partly Sunny,69
480,10/15/2017,Sunday,12:00,Partly Cloudy,85
481,10/15/2017,Sunday,12:00,Indoor,
482,10/15/2017,Sunday,12:00,Cloudy,84
483,10/15/2017,Sunday,13:00,Cloudy,73
484,10/15/2017,Sunday,13:00,Cloudy,68
485,10/15/2017,Sunday,13:05,,
486,10/15/2017,Sunday,16:05,30% Chance of Rain,88
487,10/15/2017,Sunday,15:25,Sunny,60
488,10/15/2017,Sunday,13:25,Sunny,76
489,10/15/2017,Sunday,18:30,Clear,61
490,10/16/2017,Monday,19:30,Clear,57
491,10/19/2017,Thursday,17:25,Cloudy,62
492,10/22/2017,Sunday,13:00,Sunny,74
493,10/22/2017,Sunday,12:00,"Cloudy with periods of rain, thunder possible. Winds shifting to WNW, 10-20 mph.",70
494,10/22/2017,Sunday,13:00,Sunny,74
495,10/22/2017,Sunday,12:00,Rain,52
496,10/22/2017,Sunday,13:00,Cloudy,72
497,10/22/2017,Sunday,18:00,Rain,54
498,10/22/2017,Sunday,13:00,Partly Cloudy,86
499,10/22/2017,Sunday,12:00,Indoor,
500,10/22/2017,Sunday,16:25,Sunny,79
501,10/22/2017,Sunday,13:05,Sunny,68
502,10/22/2017,Sunday,13:25,Sunny,90
503,10/22/2017,Sunday,16:25,Partly Cloudy,75
504,10/22/2017,Sunday,20:30,"Cloudy, fog started developing in 2nd quarter",56
505,10/23/2017,Monday,20:30,Cloudy,70
506,10/26/2017,Thursday,20:25,Partly Cloudy,56
507,10/29/2017,Sunday,13:30,Partly Cloudy,56
508,10/29/2017,Sunday,13:00,Rain,42
509,10/29/2017,Sunday,13:00,Cloudy,39
510,10/29/2017,Sunday,13:00,Rain,62
511,10/29/2017,Sunday,12:00,Sunny,54
512,10/29/2017,Sunday,13:00,Rain,63
513,10/29/2017,Sunday,13:00,Rain,67
514,10/29/2017,Sunday,13:00,Cloudy,63
515,10/29/2017,Sunday,13:05,Cloudy,50
516,10/29/2017,Sunday,16:25,Rain,60
517,10/29/2017,Sunday,20:30,Controlled Climate,68
518,10/30/2017,Monday,19:30,Clear,44
519,11/2/2017,Thursday,20:25,Clear,68
520,11/5/2017,Sunday,13:00,Coudy,61
521,11/5/2017,Sunday,12:00,Mostly Cloudy,84
522,11/5/2017,Sunday,13:00,,78
523,11/5/2017,Sunday,12:00,Partly Cloudy,79
524,11/5/2017,Sunday,13:00,Cloudy,56
525,11/5/2017,Sunday,13:00,Cloudy,61
526,11/5/2017,Sunday,12:00,Cloudy,75
527,11/5/2017,Sunday,13:05,Sunny,61
528,11/5/2017,Sunday,13:05,Rain,36
529,11/5/2017,Sunday,15:25,,
530,11/5/2017,Sunday,20:30,,77
531,11/6/2017,Monday,19:30,Cloudy,35
532,11/9/2017,Thursday,18:25,,79
533,11/12/2017,Sunday,13:00,Cloudy,42
534,11/12/2017,Sunday,12:00,"Rain likely, temps in low 40s.",39
535,11/12/2017,Sunday,13:00,Controlled Climate,68
536,11/12/2017,Sunday,13:00,Cloudy,42
537,11/12/2017,Sunday,13:00,,76
538,11/12/2017,Sunday,13:00,Cloudy,79
539,11/12/2017,Sunday,12:00,Cloudy,53
540,11/12/2017,Sunday,13:00,Cloudy,44
541,11/12/2017,Sunday,13:05,Cloudy,68
542,11/12/2017,Sunday,16:25,,
543,11/12/2017,Sunday,13:25,Sunny,68
544,11/12/2017,Sunday,18:30,Partly Cloudy,48
545,11/13/2017,Monday,20:30,Clear,49
546,11/16/2017,Thursday,20:25,Cloudy,40
547,11/19/2017,Sunday,12:00,Partly Cloudy,33
548,11/19/2017,Sunday,13:00,Cold,38
549,11/19/2017,Sunday,12:00,Sunny,28
550,11/19/2017,Sunday,12:00,Sunny,60
551,11/19/2017,Sunday,12:00,N/A (Indoors),
552,11/19/2017,Sunday,12:00,Sunny,57
553,11/19/2017,Sunday,13:00,Mostly Cloudy,50
554,11/19/2017,Sunday,13:05,Partly Cloudy,76
555,11/19/2017,Sunday,14:25,Mostly Cloudy,60
556,11/19/2017,Sunday,15:25,Sunny,66
557,11/19/2017,Sunday,19:30,Clear skies,54
558,11/20/2017,Monday,17:30,Cloudy,45
559,11/23/2017,Thursday,12:30,Controlled Climate,68
560,11/23/2017,Thursday,15:30,,
561,11/23/2017,Thursday,20:30,Clear,33
562,11/26/2017,Sunday,13:00,,
563,11/26/2017,Sunday,13:00,Partly Cloudy,46
564,11/26/2017,Sunday,13:00,Sunny,47
565,11/26/2017,Sunday,12:00,Partly Cloudy,62
566,11/26/2017,Sunday,13:00,Partly Cloudy,47
567,11/26/2017,Sunday,13:00,Sunny,47
568,11/26/2017,Sunday,13:00,Sunny,49
569,11/26/2017,Sunday,13:25,Sunny,72
570,11/26/2017,Sunday,13:05,cloudy,66
571,11/26/2017,Sunday,14:25,,
572,11/26/2017,Sunday,13:25,Cloudy,61
573,11/26/2017,Sunday,20:30,Clear,38
574,11/27/2017,Monday,20:30,Fair,50
575,11/30/2017,Thursday,19:25,,58
576,12/3/2017,Sunday,13:00,,
577,12/3/2017,Sunday,13:00,Partly Sunny,53
578,12/3/2017,Sunday,13:00,Mostly cloudy,48
579,12/3/2017,Sunday,12:00,Sunny,54
580,12/3/2017,Sunday,12:00,Cloudy,42
581,12/3/2017,Sunday,13:00,,70
582,12/3/2017,Sunday,13:00,Cloudy,80
583,12/3/2017,Sunday,15:25,Sunny,69
584,12/3/2017,Sunday,13:00,Cloudy,48
585,12/3/2017,Sunday,12:00,Sunny,60
586,12/3/2017,Sunday,13:05,Sunny,68
587,12/3/2017,Sunday,14:25,,
588,12/3/2017,Sunday,13:25,Sunny,58
589,12/3/2017,Sunday,17:30,Cloudy,44
590,12/4/2017,Monday,20:30,"Cloudy, chance of rain",61
591,12/7/2017,Thursday,20:25,Cloudy,
592,12/10/2017,Sunday,13:00,Heavy lake effect snow,32
593,12/10/2017,Sunday,13:00,Sunny,41
594,12/10/2017,Sunday,13:00,Partly Cloudy,31
595,12/10/2017,Sunday,13:00,Cloudy,29
596,12/10/2017,Sunday,12:00,Sunny,
597,12/10/2017,Sunday,16:25,,54
598,12/10/2017,Sunday,12:00,Sunny,46
599,12/10/2017,Sunday,13:00,Clear,55
600,12/10/2017,Sunday,14:05,,79
601,12/10/2017,Sunday,14:05,Sunny,60
602,12/10/2017,Sunday,13:05,Partly Cloudy,81
603,12/10/2017,Sunday,13:25,Cloudy,83
604,12/10/2017,Sunday,13:00,Fair,39
605,12/10/2017,Sunday,20:30,Cloudy,33
606,12/11/2017,Monday,20:30,Clear,55
607,12/14/2017,Thursday,20:25,Cloudy,25
608,12/16/2017,Saturday,16:30,Controlled Climate,68
609,12/16/2017,Saturday,19:25,Cloudy,53
610,12/17/2017,Sunday,13:00,Mostly cloudy,22
611,12/17/2017,Sunday,13:00,Party Cloudy,51
612,12/17/2017,Sunday,13:00,Cloudy,36
613,12/17/2017,Sunday,13:00,,72
614,12/17/2017,Sunday,12:00,N/A (Indoors),
615,12/17/2017,Sunday,12:00,Rain,67
616,12/17/2017,Sunday,13:00,Cloudy,35
617,12/17/2017,Sunday,13:00,Cloudy,50
618,12/17/2017,Sunday,13:05,Cloudy,47
619,12/17/2017,Sunday,16:25,Mostly Cloudy,42
620,12/17/2017,Sunday,13:25,Sunny,65
621,12/17/2017,Sunday,17:30,Clear,57
622,12/18/2017,Monday,20:30,Clear,71
623,12/23/2017,Saturday,16:30,Cloudy,63
624,12/23/2017,Saturday,19:30,Clear,10
625,12/24/2017,Sunday,13:00,Cloudy,55
626,12/24/2017,Sunday,12:00,"Cloudy, light snow accumulating 1-3""",24
627,12/24/2017,Sunday,13:00,Mostly Cloudy,35
628,12/24/2017,Sunday,12:00,Cloudy,23
629,12/24/2017,Sunday,13:00,Cloudy,35
630,12/24/2017,Sunday,12:00,Sunny,56
631,12/24/2017,Sunday,13:00,,40
632,12/24/2017,Sunday,12:00,Cloudy,39
633,12/24/2017,Sunday,13:00,Cloudy,43
634,12/24/2017,Sunday,13:05,Cloudy,52
635,12/24/2017,Sunday,14:25,Clear,71
636,12/24/2017,Sunday,15:25,,
637,12/25/2017,Monday,15:30,Mostly Cloudy,51
638,12/25/2017,Monday,20:30,Partly Cloudy,29
639,12/31/2017,Sunday,16:25,,
640,12/31/2017,Sunday,16:25,Cloudy,19
641,12/31/2017,Sunday,13:00,Controlled Climate,68
642,12/31/2017,Sunday,13:00,Partly sunny,9
643,12/31/2017,Sunday,16:25,Clear,71
644,12/31/2017,Sunday,12:00,N/A (Indoors),
645,12/31/2017,Sunday,13:00,Cloudy and cold,13
646,12/31/2017,Sunday,13:00,Partly Cloudy,16
647,12/31/2017,Sunday,13:00,Sunny,19
648,12/31/2017,Sunday,13:00,Snow,11
649,12/31/2017,Sunday,16:25,Clear,71
650,12/31/2017,Sunday,15:25,Clear,23
651,12/31/2017,Sunday,14:25,Cloudy,17
652,12/31/2017,Sunday,13:25,Hazy,62
653,12/31/2017,Sunday,13:25,Sunny,67
654,12/31/2017,Sunday,13:25,Sunny,40
655,1/6/2018,Saturday,15:35,Sunny,33
656,1/6/2018,Saturday,17:15,Cloudy,62
657,1/7/2018,Sunday,13:05,,53
658,1/7/2018,Sunday,15:40,Cloudy,63
659,1/13/2018,Saturday,16:35,Sunny,32
660,1/13/2018,Saturday,20:15,Clear and Cold,24
661,1/14/2018,Sunday,13:05,Sunny,18
662,1/14/2018,Sunday,15:40,Indoors,
663,1/21/2018,Sunday,15:05,Clear and cool,48
664,1/21/2018,Sunday,18:40,Cloudy,47
665,2/4/2018,Sunday,17:30,,3
666,1/28/2018,Sunday,15:00,Cloudy,77
